"","Activity","Subject.ID","tBodyAcc-mean()-X","tBodyAcc-mean()-Y","tBodyAcc-mean()-Z","tGravityAcc-mean()-X","tGravityAcc-mean()-Y","tGravityAcc-mean()-Z","tBodyAccJerk-mean()-X","tBodyAccJerk-mean()-Y","tBodyAccJerk-mean()-Z","tBodyGyro-mean()-X","tBodyGyro-mean()-Y","tBodyGyro-mean()-Z","tBodyGyroJerk-mean()-X","tBodyGyroJerk-mean()-Y","tBodyGyroJerk-mean()-Z","tBodyAccMag-mean()","tGravityAccMag-mean()","tBodyAccJerkMag-mean()","tBodyGyroMag-mean()","tBodyGyroJerkMag-mean()","fBodyAcc-mean()-X","fBodyAcc-mean()-Y","fBodyAcc-mean()-Z","fBodyAccJerk-mean()-X","fBodyAccJerk-mean()-Y","fBodyAccJerk-mean()-Z","fBodyGyro-mean()-X","fBodyGyro-mean()-Y","fBodyGyro-mean()-Z","fBodyAccMag-mean()","fBodyBodyAccJerkMag-mean()","fBodyBodyGyroMag-mean()","fBodyBodyGyroJerkMag-mean()","tBodyAcc-std()-X","tBodyAcc-std()-Y","tBodyAcc-std()-Z","tGravityAcc-std()-X","tGravityAcc-std()-Y","tGravityAcc-std()-Z","tBodyAccJerk-std()-X","tBodyAccJerk-std()-Y","tBodyAccJerk-std()-Z","tBodyGyro-std()-X","tBodyGyro-std()-Y","tBodyGyro-std()-Z","tBodyGyroJerk-std()-X","tBodyGyroJerk-std()-Y","tBodyGyroJerk-std()-Z","tBodyAccMag-std()","tGravityAccMag-std()","tBodyAccJerkMag-std()","tBodyGyroMag-std()","tBodyGyroJerkMag-std()","fBodyAcc-std()-X","fBodyAcc-std()-Y","fBodyAcc-std()-Z","fBodyAccJerk-std()-X","fBodyAccJerk-std()-Y","fBodyAccJerk-std()-Z","fBodyGyro-std()-X","fBodyGyro-std()-Y","fBodyGyro-std()-Z","fBodyAccMag-std()","fBodyBodyAccJerkMag-std()","fBodyBodyGyroMag-std()","fBodyBodyGyroJerkMag-std()"
"1","LAYING",10,0.276977089565657,-0.0170332984576263,-0.110873504487879,0.740684960252525,-0.207161356161616,0.108410428305944,0.0794633942257576,0.0169399674191919,-0.0162372728227273,-0.0150986647713131,-0.0917433860077424,0.0852285528396465,-0.111993956719192,-0.0397793980300505,-0.0573109579154545,-0.357419738586162,-0.357419738586162,-0.462110641822066,-0.388314506775758,-0.665691018181818,-0.391578450863636,-0.384966594429798,-0.554573027192929,-0.412057314516667,-0.463058241109444,-0.645684616799495,-0.523601248676313,-0.545223158712121,-0.458413809783333,-0.388684286908081,-0.385138891111111,-0.572513090661616,-0.710849269646465,-0.391986316171717,-0.385673788492929,-0.498647004568434,-0.964710125,-0.95504237949495,-0.927801700555556,-0.388135257723232,-0.446206050364596,-0.68333034690404,-0.58889324085202,-0.465358408925253,-0.496858788129293,-0.632505796969697,-0.708431890757576,-0.607442629772727,-0.424185928311495,-0.424185928311495,-0.409095655168687,-0.522604974987475,-0.714913442525253,-0.393411346447475,-0.42583273029202,-0.511764535653535,-0.418627017293636,-0.466687914596465,-0.72073657040404,-0.612021917085859,-0.429815824722222,-0.556786812576768,-0.535760386288384,-0.447367612044293,-0.573538825626263,-0.741397840909091
"2","LAYING",12,0.27360872421875,-0.018337204411489,-0.106649116775,0.69922245131875,0.029976775735,0.0330295544910625,0.070430311315625,0.0053115377979375,0.0003081123684,-0.0628663472537188,-0.0592027333975,0.0960742146838125,-0.0731134377315625,-0.043678823491875,-0.0574585039485312,-0.559586545675313,-0.559586545675313,-0.6300504918575,-0.63166805889875,-0.77729447821875,-0.578920210879375,-0.523287078731563,-0.7266403145,-0.599109317756219,-0.591296422972219,-0.7754265825625,-0.661246826087188,-0.74479814778125,-0.657369914584375,-0.55928367746625,-0.564239194378438,-0.717311676745625,-0.78990285099375,-0.583962207065,-0.522040023435,-0.699293531365625,-0.96738343446875,-0.9605729084375,-0.9468085636875,-0.582418267596875,-0.571359817082031,-0.79262193625,-0.727881704983125,-0.73506282621875,-0.671057678528125,-0.709726149496875,-0.8112325993125,-0.749351860259375,-0.5743864944925,-0.5743864944925,-0.566365683597188,-0.68485805678325,-0.7863865328125,-0.586922577889687,-0.553076639139062,-0.709983235125,-0.602960063359688,-0.579168053712969,-0.80858300040625,-0.750393858303125,-0.7334567315,-0.70823315425,-0.65053328158,-0.571614888155312,-0.719438065809375,-0.7973614576875
"3","LAYING",13,0.275895876198777,-0.0176504796070948,-0.109135285550765,0.709996516908257,-0.0420858101162079,0.0443010536786239,0.0794393034550306,0.00387961953328135,-0.0123485923641621,-0.0562470618980061,-0.0616613787494801,0.098866059686422,-0.0881182379434251,-0.0440836605146789,-0.0582718748712538,-0.539871637249541,-0.539871637249541,-0.625466938809174,-0.581215403184709,-0.712745036012232,-0.638817912651682,-0.493467193137125,-0.629736258731804,-0.66008217407156,-0.603340489937615,-0.710831730361468,-0.65864242140581,-0.647152817899388,-0.620471226529052,-0.589928108599083,-0.607295296423853,-0.652225306544343,-0.712054366504281,-0.624844460199083,-0.448816097853364,-0.587230562129052,-0.967268063455658,-0.953540716850153,-0.938727880275229,-0.638889532599083,-0.569700547488012,-0.728452966311927,-0.715109859672783,-0.645728612088685,-0.643337285033639,-0.715772980189602,-0.718988591831804,-0.712716428498471,-0.597230982062691,-0.597230982062691,-0.610248540269939,-0.636364939544342,-0.712056186747706,-0.620602036452599,-0.462584458627829,-0.599036895271407,-0.649606227431844,-0.562129866937645,-0.744823539571865,-0.734657989051988,-0.650623558847401,-0.685774481529052,-0.665344858593272,-0.617075473106453,-0.691915161336391,-0.733183567759939
"4","LAYING",18,0.276324152142857,-0.0172831546595266,-0.108112251068681,0.716863248351648,-0.01578199625,0.0899901746593407,0.077480921531044,0.0128850449171841,0.000848545124184616,-0.0373993798891484,-0.0678200104982143,0.0908402866868132,-0.0944029581558242,-0.044169186546978,-0.0568482569002198,-0.658370952115385,-0.658370952115385,-0.753904676895604,-0.714735668626374,-0.859899942335165,-0.714227764615385,-0.663659666593407,-0.761229192087912,-0.750020077252747,-0.744113444532967,-0.833032083021978,-0.787757637521978,-0.816385880247253,-0.755926770686813,-0.697732862178571,-0.742323821887363,-0.816286626730769,-0.88466302260989,-0.694616884972527,-0.627117507326923,-0.701596039615385,-0.980138675796703,-0.969542030412088,-0.959434177692308,-0.734644450054945,-0.732969175274725,-0.847257765851648,-0.804533729046703,-0.777361713653846,-0.745612483131868,-0.842893477884615,-0.884050472967033,-0.83861466293956,-0.689671890376374,-0.689671890376374,-0.745212812708791,-0.775779058758242,-0.88856533728022,-0.687850549203297,-0.632838238002747,-0.694874090513736,-0.742517893708791,-0.739197834642857,-0.860168954615385,-0.812175241332418,-0.759665554340659,-0.766381665384615,-0.733904051236264,-0.750189976318681,-0.789777674554945,-0.902206780607143
"5","LAYING",20,0.268425757926554,-0.0175912993773164,-0.108029145824294,0.628040637177966,-0.0373059475847458,0.10723075947935,0.079818125480791,0.00220928707107345,-0.00450611895602542,-0.0242488811785028,-0.0789448418069209,0.0856280628860452,-0.094982179135,-0.0414356124141243,-0.0543001277610169,-0.517257429345412,-0.517257429345412,-0.619698756735028,-0.516861235888701,-0.684048497355932,-0.612641113666949,-0.426398722000395,-0.665006945724294,-0.652264226931438,-0.557791286001412,-0.732835648957627,-0.626445370827119,-0.591039733449633,-0.518444509491525,-0.560278889421186,-0.584571446817062,-0.606970915061638,-0.692638075749774,-0.60484669490339,-0.369336706508757,-0.634787346548023,-0.958201862627119,-0.952506793418079,-0.940981537502825,-0.627098830685593,-0.527174601581921,-0.747362572898305,-0.684586332415254,-0.573677383024548,-0.52727797039661,-0.698354145936441,-0.684280685533898,-0.636715878557062,-0.572325820319209,-0.572325820319209,-0.588644307467599,-0.580023613494576,-0.683503744537853,-0.60314894923565,-0.381534028764124,-0.647515612457627,-0.634710081102825,-0.525907610282373,-0.760509114748588,-0.704481841200565,-0.567588605842655,-0.575002191142655,-0.648306198707062,-0.597351046813729,-0.635816314618644,-0.694680032329943
"6","LAYING",24,0.276767046391076,-0.0176822460103885,-0.107914503687664,0.69498126808399,0.0729509702152231,0.0623227714146982,0.0784735003467192,0.00396900308574016,-0.00700960558805774,-0.0212578096847769,-0.0782440202677165,0.0841740375981627,-0.0998294248142257,-0.0390749421383202,-0.0552987683401575,-0.620032665162467,-0.620032665162467,-0.713667423769029,-0.682447212750656,-0.791646550787402,-0.707613779580052,-0.611509042586877,-0.65585899482231,-0.752245372493438,-0.703641614506562,-0.719655747391076,-0.722607377748032,-0.753710479580053,-0.70948857687664,-0.650121872273806,-0.696845583388451,-0.754131617480315,-0.795019165380577,-0.675459176298425,-0.582490655185302,-0.636497458900262,-0.975329699658793,-0.96089816664042,-0.955724566194226,-0.74030054488189,-0.685979796261942,-0.736374232574803,-0.776199049939633,-0.763365457296588,-0.708251676335958,-0.764490030609974,-0.792718702440945,-0.796816516614173,-0.650862147810236,-0.650862147810236,-0.689391189346457,-0.742983126606299,-0.788997850813648,-0.664356691751496,-0.594676790059055,-0.655360521446194,-0.751378154304462,-0.688280461860892,-0.751628687821522,-0.794063529133858,-0.771969808976378,-0.735749934304462,-0.705928425819685,-0.682447145993307,-0.782076276167979,-0.796157264514436
"7","SITTING",22,0.242298449272727,-0.0316561370181818,-0.105664296590909,0.870172199545455,-0.350769156818182,-0.1765357405,0.105897183954545,0.0320774996545455,-0.0326983629140909,0.119614300727273,-0.172162155445455,-0.0046475084,-0.119050870677727,-0.0593756069681818,-0.0743422650272727,0.194598717272727,0.194598717272727,-0.0662072290227273,-0.137333612554545,-0.543885972272727,-0.0414589456,0.1231057773,-0.198565773954545,0.00774466264545455,-0.042898966,-0.38815349,-0.237124032272727,-0.483080167727273,-0.158548504727273,-0.0295832732681818,0.00382710664090909,-0.354449740454545,-0.642050515,0.0764832471304546,0.219952845181818,-0.0935184360181818,-0.939673766818182,-0.944104886363636,-0.92719241,0.0296014137090909,-0.0270976569090909,-0.444640860909091,-0.377598602272727,-0.451114613181818,-0.1330599105,-0.388955637727273,-0.665547723636364,-0.482172029090909,-0.126888896863636,-0.126888896863636,-0.0363532663636364,-0.223751816518182,-0.644416388636364,0.118339545340909,0.190673821868182,-0.1092913705,-0.0416593402068182,-0.0801154312545455,-0.500476129545455,-0.423153909545455,-0.437456513181818,-0.205526546681818,-0.323464307272727,-0.0977799986818182,-0.2723853645,-0.673087576363636
"8","SITTING",23,0.273493254730108,-0.019589258786828,-0.109093982385242,0.662324737580645,0.0146209197354839,0.0518662466372043,0.0778588215843817,0.0200470964972984,-0.000717680881887096,-0.0220890418013172,-0.0825972963754032,0.074694942324328,-0.0966990737225806,-0.0432722741798387,-0.0621959093526344,-0.532754757205108,-0.532754757205108,-0.58640067170914,-0.544207964433387,-0.623412641977151,-0.599080886430645,-0.548483208943548,-0.49021281618414,-0.617521836605645,-0.628231338392742,-0.578870810235484,-0.685136501518817,-0.497783811010484,-0.617685416736559,-0.529029284118011,-0.542663319457527,-0.534657191683602,-0.584111049810215,-0.622594039757258,-0.532078546615699,-0.450557203409946,-0.964393040295699,-0.960318907096774,-0.934236146612903,-0.608183751830914,-0.61898123051828,-0.603048769571532,-0.755738625241935,-0.500338191139785,-0.609683451821774,-0.728692138333333,-0.546043593651882,-0.740518145887097,-0.56557562579215,-0.56557562579215,-0.55872531418629,-0.541949073660753,-0.573942888021613,-0.633839114436559,-0.554471679592177,-0.474767543716048,-0.635054351475538,-0.636977610060753,-0.627540367652688,-0.779197054064516,-0.50785054741371,-0.644131036807258,-0.657048917971505,-0.583832309145968,-0.632288527203763,-0.593735302105376
"9","SITTING",25,0.275301467772127,-0.0193221769314914,-0.10962903098044,0.672386622127139,0.0471601427530562,0.239226040930391,0.0817657442063814,0.00638633884442543,-0.010346171499489,-0.00298151164792176,-0.083900354157824,0.0993606079900489,-0.108263884562298,-0.0389884753435208,-0.0555782223647433,-0.583377749713936,-0.583377749713936,-0.783445354474328,-0.625733064258924,-0.849630706259169,-0.748416509682152,-0.600027697242054,-0.738509947579462,-0.804144642836186,-0.740570312249389,-0.849504849486553,-0.672197763601467,-0.81313379207824,-0.746832213594132,-0.69501971,-0.779190075892421,-0.754236109755501,-0.875970674743276,-0.716264537547677,-0.531421035602689,-0.64709556105868,-0.950017091344743,-0.901088770963325,-0.880682330706602,-0.79682335007335,-0.722502919364303,-0.860669382640587,-0.683131970775061,-0.752261013276284,-0.74741022,-0.768682473178484,-0.902628080757946,-0.831848667286064,-0.659015505611247,-0.659015505611247,-0.780451867848411,-0.68515279467066,-0.872776184449878,-0.705223686579951,-0.529064652290954,-0.630224637674572,-0.807712525721271,-0.721707668572127,-0.870541516210269,-0.690398481943765,-0.723584437530562,-0.771208929095355,-0.695367928718826,-0.783547229755501,-0.697213120366748,-0.877714953691932
"10","SITTING",26,0.2730365808625,-0.0161687277463495,-0.107637894928571,0.615123534668367,0.10870478277551,0.234107010472449,0.0808743261341837,0.00767709978181122,-0.00724891943768878,-0.020659932105102,-0.0827415060904082,0.0917853294044643,-0.0988125627461224,-0.040476400288852,-0.0558282743354031,-0.600932264175765,-0.600932264175765,-0.694917859209184,-0.694597662936224,-0.798325916709184,-0.65109030186199,-0.610425833240306,-0.724046087155612,-0.699413168295663,-0.696726473912755,-0.76956529125,-0.703109561068878,-0.799353075357143,-0.689404846813776,-0.6317569828625,-0.679278323637755,-0.770504884821429,-0.823865297193878,-0.623101031168367,-0.585967142418112,-0.70498062744898,-0.96781789994898,-0.959713562227041,-0.955643363545918,-0.682815652993112,-0.678386582086227,-0.778349460841837,-0.766673970339286,-0.800675471045918,-0.703347205619898,-0.732321370690816,-0.836112175331633,-0.773101524821429,-0.620355788665816,-0.620355788665816,-0.677426336392347,-0.751833690215051,-0.818279112908163,-0.61349959767602,-0.600274809826275,-0.718490475765306,-0.694314518927551,-0.6803580612,-0.78604912494898,-0.78740310059949,-0.803635337372449,-0.735942384438775,-0.673917799546684,-0.678025758312755,-0.782624320831633,-0.823991408418367
"11","SITTING",27,0.277264567074468,-0.0167969215592152,-0.110848300413564,0.627230079867021,0.032242387143617,0.14116869604876,0.0768320396617021,0.00617714992829521,-0.00495000607441489,-0.0608887602789628,-0.0552177945716489,0.108947089653191,-0.0893066039356303,-0.0450414487725798,-0.0586254676047872,-0.627947737417819,-0.627947737417819,-0.70180744799867,-0.694016019806117,-0.823067662473404,-0.681454795855319,-0.641267840429521,-0.715482857547872,-0.714554678365692,-0.694509658473138,-0.76857445225266,-0.768505711292553,-0.795433953608777,-0.702788513114362,-0.667185803946808,-0.688572791044947,-0.785953610106383,-0.837585999827128,-0.660976085218085,-0.630460488658511,-0.68321532587766,-0.974620173404255,-0.972505174787234,-0.959200394414894,-0.700549974357447,-0.674792293475665,-0.783632076781915,-0.795853557018617,-0.802048718989362,-0.674128512103723,-0.8210758325,-0.837320211489362,-0.782945588829787,-0.677874152031915,-0.677874152031915,-0.696003354282979,-0.754713306440957,-0.837212879564096,-0.654659392263298,-0.649506674776596,-0.692130765962766,-0.712857956529255,-0.675744794384308,-0.797303408218085,-0.806288410297872,-0.808791849202128,-0.697147299066489,-0.734883056953989,-0.707531366315426,-0.777810418832447,-0.848260021656915
"12","SITTING",28,0.278739266553398,-0.0187975204834951,-0.107807008381068,0.647073359805825,-0.137379481334951,-0.00797649700048543,0.0792910308825243,0.0135107680737864,0.00364494866063107,-0.0567790137621359,-0.0488593126606262,0.0966943342504854,-0.0898649942082524,-0.0456655215715049,-0.0591893236052913,-0.644599448147087,-0.644599448147087,-0.723779362805825,-0.683567422362136,-0.813718189757282,-0.68776883432233,-0.622841114519417,-0.741462254985437,-0.718019745738835,-0.705976257345146,-0.804585188883495,-0.70487616923301,-0.773967850635922,-0.709727226558252,-0.656100294024272,-0.706908798520874,-0.762735296006796,-0.826660930776699,-0.68398972178932,-0.606549833999029,-0.70744912,-0.974479128592233,-0.959880660436893,-0.946447412281553,-0.713004659097087,-0.687209413543689,-0.824228169757282,-0.764813965509709,-0.765086678543689,-0.710462349475728,-0.746765237315534,-0.847302632669903,-0.793601885631068,-0.659757363641262,-0.659757363641262,-0.714477557324272,-0.737683990849515,-0.824174463058252,-0.683199944917476,-0.623192236384369,-0.713211963058252,-0.734238501912621,-0.688305009647573,-0.842972637427184,-0.784465639902913,-0.762735614126214,-0.738649933252427,-0.715164661849515,-0.726122136199029,-0.767012523398058,-0.833674226650485
"13","STANDING",2,0.273113115788079,-0.0191323183174834,-0.115649958175497,0.660782866688742,-0.147219886910411,0.134865335090728,0.0785353156747351,0.00708771249764901,0.000755760748377483,-0.0517030657821192,-0.0568420186817881,0.0872599422291391,-0.0875587491668874,-0.0433986835453642,-0.0557541828188742,-0.535281800541722,-0.535281800541722,-0.58777744543543,-0.614771054893146,-0.746559539039735,-0.57377091142947,-0.432566581302351,-0.630081222124834,-0.561682049622185,-0.50890379901457,-0.715745330403973,-0.638717694593046,-0.722068978635762,-0.601594889654305,-0.514569861316887,-0.509746432970861,-0.699742945221854,-0.751615078360927,-0.605586497159271,-0.428962986589404,-0.589360062210596,-0.963015508245033,-0.960033560165563,-0.945365383907285,-0.557809603123841,-0.491875889831788,-0.741885388311258,-0.710648927815894,-0.722943674337748,-0.634888927843046,-0.671679103311258,-0.783595466728477,-0.674611933293046,-0.552812545643709,-0.552812545643709,-0.512115278415232,-0.680584887880795,-0.740088733655629,-0.619788102803311,-0.464723862913245,-0.600678614835099,-0.595105612895033,-0.509147543673841,-0.767087015496689,-0.734588540182119,-0.72716774102649,-0.683114494539735,-0.646662308457285,-0.518800797709272,-0.725310337688742,-0.744194981440397
"14","STANDING",4,0.274183111498423,-0.0148081545344921,-0.107521430810726,0.706593043123028,0.112591195496986,0.164130896618297,0.0788637845151419,0.00351340949514196,-0.00737375142832808,-0.0289417906907571,-0.0787229907785489,0.0957174866009464,-0.107859315713249,-0.0400427574662461,-0.0578089304000631,-0.56158213510694,-0.56158213510694,-0.656116311856877,-0.656291093847319,-0.819191368044164,-0.628806379100946,-0.52583456615142,-0.755235428895899,-0.652023078038801,-0.601696223759495,-0.825154871135647,-0.641881977553943,-0.831527531009464,-0.689308946422713,-0.602098037677603,-0.63501900541041,-0.745650754608833,-0.838833209652997,-0.605211727785489,-0.509929384011325,-0.709492735962145,-0.962636979274448,-0.941416800167192,-0.941403426072555,-0.631853083289621,-0.584063204701893,-0.843353231167192,-0.701397703369085,-0.79823574873817,-0.726374197066246,-0.723788617823344,-0.902502592618297,-0.748369141315457,-0.606556049548896,-0.606556049548896,-0.647249966810726,-0.706738493542587,-0.844187064164038,-0.597551324155678,-0.534661524341987,-0.708764043722397,-0.644622004704416,-0.593855151524606,-0.860544668359621,-0.721749187328076,-0.782885735867508,-0.7670895729653,-0.672948341687697,-0.666506718936908,-0.732586304826498,-0.863096864037855
"15","STANDING",9,0.270313841621528,-0.0209466555412396,-0.101233826213889,0.670845545555556,-0.0467446999509028,0.104353653032743,0.0840171430291667,0.00678485848399306,-0.00102998088194444,-0.0701318154561458,-0.0729884312991667,0.109092913237986,-0.0892254930640278,-0.0397344421815972,-0.053402884281875,-0.505183470509188,-0.505183470509188,-0.621608245092361,-0.550201866572569,-0.7629795809375,-0.579258404408681,-0.610267804090278,-0.592119122804271,-0.621377141312847,-0.699766614569444,-0.702931927996528,-0.639863219559028,-0.683924287600694,-0.612680463163889,-0.553186448295139,-0.609193721940625,-0.700863097986111,-0.786473954201389,-0.555656544538194,-0.5758878952125,-0.506111776081806,-0.958784666180556,-0.949938115208333,-0.920554317815972,-0.578305161360069,-0.678923872274306,-0.721610094569444,-0.676452392569444,-0.670498220701389,-0.587557692291458,-0.7617108665625,-0.773273878854167,-0.744656038298611,-0.553038255314792,-0.553038255314792,-0.608862145384722,-0.663198385034722,-0.786176892048611,-0.547995744907986,-0.586766083232639,-0.501074006965903,-0.572819893733993,-0.679065855003472,-0.739139922708333,-0.690689895534722,-0.667203220760417,-0.619468634127778,-0.624456827182986,-0.611619343190972,-0.697729432621528,-0.801296292638889
"16","STANDING",10,0.276583204166667,-0.0194909304979167,-0.1121843393125,0.441236068541667,0.2005691803125,-0.05453204484375,0.080527512159375,0.004611439794375,-0.00128744623489583,-0.0255225107895833,-0.0699903917025,0.10298476965625,-0.10022438078125,-0.0478723615625,-0.0519245405385417,-0.801728673104167,-0.801728673104167,-0.8162927158125,-0.797174474479167,-0.876313803854167,-0.822505930166667,-0.720876538833333,-0.862321343125,-0.826063598282292,-0.744950073,-0.878450186458333,-0.819983751770833,-0.861050933645833,-0.792357543844792,-0.786961677072917,-0.783269770302083,-0.845024943541667,-0.8851999225,-0.838564338333333,-0.727853336020833,-0.854294969270833,-0.968072754375,-0.953455064479167,-0.961197428552083,-0.820707124664583,-0.7341746674375,-0.889739520625,-0.849243536458333,-0.851156069375,-0.807039630885417,-0.849140011666667,-0.892824673645833,-0.850475350104167,-0.795247255416667,-0.795247255416667,-0.777345431613542,-0.834377870416667,-0.880007876041667,-0.845922740729167,-0.751383960510417,-0.86121794721875,-0.831379930459062,-0.7410383354375,-0.899683347916667,-0.858958473125,-0.846707374791667,-0.829842093020833,-0.834157293125,-0.770950588979167,-0.856745923229167,-0.881496240729167
"17","STANDING",28,0.276120153465909,-0.0196106242455114,-0.111939260223295,0.596489908068182,-0.159514371232955,-0.0926602648977273,0.0824062308022727,0.0141872457548864,-0.00247734002281818,-0.0735291511680114,-0.0451436890589205,0.105692923933523,-0.0860805048176136,-0.0437809983988636,-0.0626159225017045,-0.569569991120455,-0.569569991120455,-0.649224303329546,-0.607539045567045,-0.760708643386364,-0.614814832168182,-0.540562190071023,-0.684319004011364,-0.650093316014205,-0.629450020630682,-0.749187660607954,-0.638634953056818,-0.715582747721591,-0.631127818871023,-0.596766476930682,-0.638582720019318,-0.708848978369318,-0.783731989943182,-0.608133788585227,-0.535146354788636,-0.660507169431818,-0.973164266079545,-0.960933256704545,-0.945966059659091,-0.643135700714773,-0.609963881289773,-0.773531586988636,-0.711556711367045,-0.713427389630682,-0.622184131999432,-0.689791758278409,-0.798979959488636,-0.741845433806818,-0.607805066017045,-0.607805066017045,-0.656365538846023,-0.679673857163068,-0.784159789318182,-0.606381585607955,-0.56224204456875,-0.675349070397727,-0.668766481176136,-0.615705270717614,-0.796834974772727,-0.735772226022727,-0.715167583522727,-0.655394226196591,-0.675726065523296,-0.683350492909091,-0.716597399028409,-0.800627497215909
"18","STANDING",29,0.279111521944767,-0.018471953048314,-0.108675612269477,0.683067625610465,0.115489757911628,0.208215370043721,0.0788382324713372,0.00900161248883721,-0.00355290542467733,-0.0101831910869331,-0.0882883296441861,0.0881626266546221,-0.100707751809855,-0.0464322029527616,-0.052785999031686,-0.553585593347965,-0.553585593347965,-0.664538060484884,-0.602228993700349,-0.802293906366279,-0.579901000186134,-0.587686308146221,-0.680547675465116,-0.629875853152035,-0.641289075786337,-0.768433928313954,-0.685747413486628,-0.735972301656977,-0.689221357718023,-0.589294014734302,-0.609879937469099,-0.722018434984302,-0.840464164156977,-0.574295395364826,-0.598400275636657,-0.606461283926453,-0.973282885843023,-0.964643161017442,-0.941621790232558,-0.623456414216366,-0.635499779848779,-0.793746797790698,-0.73469927369157,-0.634569173421512,-0.713864583982558,-0.736117664139535,-0.853639613139535,-0.770221314302326,-0.579067216088081,-0.579067216088081,-0.620472049862791,-0.653732301592151,-0.840156364186047,-0.5727879490375,-0.630978844851831,-0.602550925183721,-0.651564188964826,-0.655526116655523,-0.818292780813954,-0.752567831707849,-0.588857987485174,-0.749163172296512,-0.639314176054942,-0.636434470547384,-0.671454324368401,-0.851462426569767
"19","STANDING",30,0.276305836721932,-0.0175856077340209,-0.10589355727859,0.696858200678851,0.0512698188974987,0.184343178348037,0.0734799270148825,0.00730438257971279,-0.000653871890373369,-0.0354229280326632,-0.0717482452402089,0.0834544586693995,-0.0926769005274151,-0.0412903779669452,-0.0493556177875196,-0.538131194183003,-0.538131194183003,-0.697050126998956,-0.510032754098198,-0.785870931331593,-0.635650125322193,-0.55849001001906,-0.634958546900783,-0.685307771157441,-0.671673670524282,-0.755432212793734,-0.667418236692689,-0.629910665959817,-0.615699347830287,-0.600372067046214,-0.656339723754047,-0.669600510563003,-0.811292332428198,-0.615890785389034,-0.519047387875457,-0.522643273772115,-0.974319118563969,-0.952288292767624,-0.92943263464752,-0.679007254150131,-0.6607705539047,-0.781644485013055,-0.671005846122715,-0.538990663942298,-0.589783442185379,-0.780636429556136,-0.79894807305483,-0.76322854691906,-0.588158111633681,-0.588158111633681,-0.658972148093473,-0.573779428671018,-0.810398514673629,-0.609238911508407,-0.531321491840992,-0.506570361273995,-0.701879208571802,-0.672622022924282,-0.807184940939948,-0.676801995680601,-0.496310421449608,-0.620253390415144,-0.646522810920757,-0.664600262443812,-0.589192650089817,-0.822805618746736
"20","WALKING",1,0.265696920582133,-0.0182981725176081,-0.10784573454611,0.744867411573487,-0.0825562579855908,0.072339870389049,0.0770930495126801,0.0165908438802305,-0.00910758730117003,-0.0208764064320173,-0.0880722729400576,0.0862641666597983,-0.0971120197265994,-0.0417164808293948,-0.0471393985477522,-0.453632943768818,-0.453632943768818,-0.545431612066571,-0.475404785802305,-0.639517432642651,-0.531895161258213,-0.406435448904438,-0.596411165253602,-0.547348892435764,-0.507343617969859,-0.695305113832853,-0.623219182311527,-0.505309434070029,-0.553529065425648,-0.478448523354179,-0.499075765624092,-0.535002770337752,-0.645970655298847,-0.545795331328326,-0.367716218227378,-0.502645746562824,-0.959859435936599,-0.951150627458213,-0.925817590867435,-0.524721922818732,-0.470412403511239,-0.717322274881844,-0.686555715201729,-0.450979810499568,-0.597496136795101,-0.637812687210375,-0.634472244550432,-0.664591977786455,-0.497096402038329,-0.497096402038329,-0.515922167555159,-0.499839593745821,-0.652050770910663,-0.553060616663401,-0.390150939647061,-0.498583091676081,-0.543979776127867,-0.466251676533372,-0.737861932680115,-0.708263420861671,-0.429825832648703,-0.650476162132565,-0.589710231217867,-0.541823079570029,-0.566576670397695,-0.685811262634006
"21","WALKING",3,0.273428719636364,-0.017856067384956,-0.106492632429097,0.707814353343108,-0.0260590480328739,0.0480937904190616,0.0701731261988856,0.0144664329060411,-0.000526818872875366,-0.0248490682828446,-0.0743565308442815,0.0866875497119062,-0.0991554609633431,-0.0401923943695015,-0.0521178264170088,-0.563140802770059,-0.563140802770059,-0.650182434328446,-0.643150121648094,-0.784056656246334,-0.625733289873607,-0.501779938505279,-0.699656828592375,-0.645893496630499,-0.582949919157742,-0.780101644193548,-0.642097719778592,-0.775144985073314,-0.670734708996481,-0.579076453758064,-0.604752108072727,-0.716822144279179,-0.810085498651026,-0.623413602046921,-0.480015920697654,-0.653625579293255,-0.966457565630499,-0.9445645371261,-0.926966278211144,-0.635484688041056,-0.55721186773783,-0.796066240234604,-0.699262195705865,-0.76302218170088,-0.709483440322581,-0.689328428607038,-0.842659862111437,-0.743028500565982,-0.591224780306452,-0.591224780306452,-0.607658214170381,-0.674010290979472,-0.80366136372434,-0.623805015199413,-0.502753639795894,-0.657443765803519,-0.657844055881525,-0.559851186088408,-0.81080601659824,-0.719276622702346,-0.758505287214076,-0.751008875659824,-0.663079838985044,-0.615643694857361,-0.703839403007038,-0.810032718739003
"22","WALKING",5,0.279177960301325,-0.0154833455336192,-0.105661736816887,0.698153719072848,0.112313109736755,0.0921607197449904,0.0841019899622517,0.0017656830384106,-0.0029537113427351,-0.0294516873643046,-0.0774316445596026,0.0866267116745033,-0.103522877147351,-0.0490624519374172,-0.0506258160122517,-0.460866415568709,-0.460866415568709,-0.589313870006622,-0.602770284825828,-0.707383517582782,-0.55123770513245,-0.440232431795033,-0.696171811490066,-0.604769869438742,-0.550991969857417,-0.768762357980132,-0.632239300829801,-0.71706218781457,-0.537329127293278,-0.528503022745033,-0.573176177044172,-0.677355755703311,-0.748829309536424,-0.507691011391722,-0.402724906078146,-0.646443640175497,-0.964629108807947,-0.939973777950331,-0.94207867884106,-0.575890535679801,-0.506544358609603,-0.78456199486755,-0.709955676983444,-0.705638306688742,-0.606589817380795,-0.662581310334437,-0.774114270364238,-0.564680771249007,-0.52162345171192,-0.52162345171192,-0.589031268133113,-0.664078383532781,-0.734187493344371,-0.492829885748675,-0.422162171100331,-0.649351210748344,-0.584013626983444,-0.491500434303907,-0.798835563807947,-0.73573857718543,-0.702290390960265,-0.669353687483444,-0.594259529756954,-0.613485123609272,-0.715731148145695,-0.735610602483444
"23","WALKING",6,0.272376614181538,-0.0175697042641846,-0.11599454136,0.688702063569231,0.0162055455953846,0.0475199990906462,0.0813833604034769,0.000479281129661539,-0.00225896302076923,-0.0433611785374462,-0.0706129097498462,0.0973130293888923,-0.0829159966093231,-0.0454921005615385,-0.0533610323667692,-0.464770006998123,-0.464770006998123,-0.551413652396923,-0.549494852037046,-0.621936158532308,-0.506174926221538,-0.392041410138769,-0.683725945015385,-0.549394273848923,-0.503558973703692,-0.720867157741538,-0.537201442069846,-0.621188724858462,-0.507604207506462,-0.473974924380431,-0.494882316238462,-0.579130051151385,-0.651886909221538,-0.505086085072062,-0.368403670137262,-0.672512004586708,-0.958898709015385,-0.9509348864,-0.937910223507692,-0.531468310262154,-0.454437496885815,-0.738955207627692,-0.653800660041538,-0.626252072652308,-0.599910232855692,-0.546009968372308,-0.677635980501539,-0.526908306306892,-0.483790606354154,-0.483790606354154,-0.502935062310769,-0.579837818063692,-0.644474485460492,-0.506680276530492,-0.396677793847908,-0.694365207233846,-0.555346159400332,-0.437837459287385,-0.755751144098462,-0.692862440004,-0.633236229753846,-0.67302031484,-0.570910289993846,-0.516711262173969,-0.657368673849846,-0.660175875210246
"24","WALKING",7,0.270211697814935,-0.0187904887668182,-0.112492375388312,0.681289120844156,-0.0420221452496753,0.0342160711928604,0.0831829573168831,0.00760909767418831,-0.00791725696048701,-0.0518716929407792,-0.0646077113078896,0.0977671721406169,-0.0942037376182662,-0.0414401406082792,-0.0610307928148701,-0.511312036747403,-0.511312036747403,-0.622815767680292,-0.581899897967532,-0.713191348337662,-0.593011288564935,-0.563547785174026,-0.531005941495552,-0.637521940243831,-0.641687333850227,-0.642515716574286,-0.643767578493507,-0.630419275006169,-0.655083354905844,-0.518323878824675,-0.553360009658182,-0.628877272791136,-0.668879188156396,-0.577518324748052,-0.546403365345779,-0.456473642256981,-0.956538178587662,-0.955312554090909,-0.923304724090909,-0.615131377408279,-0.622997416262013,-0.664336860544416,-0.687155474097403,-0.652408657909091,-0.663340760331169,-0.701731200484416,-0.674920114957468,-0.750808705594156,-0.510669879158539,-0.510669879158539,-0.550560230585714,-0.598670795839286,-0.658017844948377,-0.572347541484091,-0.567046977262987,-0.460792123277305,-0.626785744584416,-0.62853163071948,-0.684856438953896,-0.703883646896104,-0.671161922837662,-0.698949518905844,-0.583819796092208,-0.550683254908442,-0.650923648207792,-0.668963362464935
"25","WALKING",8,0.278268887727273,-0.0144537072594949,-0.109006309141414,0.601782571919192,0.187298246666667,0.177007409196192,0.0686095366464646,0.00496415698757576,-0.0110211649991919,-0.0246599261523232,-0.0744394650058586,0.0811768351261616,-0.107118837989899,-0.036876527389899,-0.0602582019292929,-0.684607146515152,-0.684607146515152,-0.725727509270707,-0.663265892582828,-0.790885296565657,-0.744952162134343,-0.581854533434343,-0.779333525707071,-0.766583223,-0.6623484276,-0.825870984707071,-0.683114151139394,-0.757568269575758,-0.758361298306364,-0.693568388292929,-0.715745792606061,-0.741679153929293,-0.817455544646465,-0.74865488820202,-0.563450610434343,-0.764554510484848,-0.974751332424242,-0.955912054070707,-0.956116882020202,-0.75891396439596,-0.622728559242424,-0.839104346969697,-0.722590642727273,-0.737675052783838,-0.758998747676768,-0.735883130212121,-0.817212596262626,-0.821631316060606,-0.71328703040404,-0.71328703040404,-0.72913616179798,-0.72093816099596,-0.825828347373737,-0.750599893474747,-0.581953413010101,-0.775167074012121,-0.772811330494949,-0.605587691511111,-0.850822301313131,-0.736277288818182,-0.728609463015152,-0.781839004848485,-0.770877890434343,-0.749236439787879,-0.755554747464646,-0.850242418585859
"26","WALKING_DOWNSTAIRS",17,0.273849441115044,-0.0175178488555457,-0.10894543593472,0.681018816489676,0.00208485938053097,0.00457967780088496,0.081880267239528,0.0083599305380531,0.00313640220584071,-0.0137199915971209,-0.0841275327556873,0.0761605469356047,-0.108510381387316,-0.0389503517365487,-0.0505134530712979,-0.532690252939646,-0.532690252939646,-0.671076885553097,-0.649912792768584,-0.794708804985251,-0.622462544449351,-0.569180425379852,-0.696059808678466,-0.692948207482301,-0.669598735445428,-0.786440272035398,-0.706700939954277,-0.75655421820059,-0.704461092123894,-0.616776986006785,-0.672302752918879,-0.750925804837758,-0.815081807581121,-0.575384465440796,-0.531725560539469,-0.633174442559882,-0.969925765014749,-0.956590055339233,-0.946280153185841,-0.655962717654867,-0.641279470927434,-0.798055545516224,-0.739509361150443,-0.746029348082596,-0.697883518596755,-0.770982322212389,-0.811674344749263,-0.792412597492625,-0.606069140132448,-0.606069140132448,-0.668331557015634,-0.730340424530973,-0.810882493864307,-0.559142964689676,-0.542590163514454,-0.629065517609145,-0.649348718874041,-0.635163006465487,-0.808333054336283,-0.751468354340413,-0.742303506283186,-0.724259849884956,-0.661980075745723,-0.666929054969322,-0.765190625132743,-0.820032370707965
"27","WALKING_DOWNSTAIRS",19,0.269723487105556,-0.0182031515710306,-0.118277180099383,0.475323016,0.0964052626666667,0.233011401195083,0.0774171147766389,0.0115812421960876,-0.00186198850195833,-0.0385723953346511,-0.0681420603177778,0.0883609591559167,-0.0895939425055556,-0.0383208736670278,-0.0569649444286944,-0.531507362111361,-0.531507362111361,-0.5762252472125,-0.548919668132222,-0.683436541824444,-0.587050355097528,-0.521888076609778,-0.647026298284028,-0.593157169174611,-0.596694943936944,-0.680924493180556,-0.553089575942778,-0.641337299817778,-0.602625307818389,-0.556404444967972,-0.576064647812278,-0.636287999799167,-0.719519008752778,-0.574658922919194,-0.507035084992639,-0.649184726556944,-0.958290447861111,-0.95925383425,-0.94180028475,-0.571088266146083,-0.571311190432222,-0.705342976190833,-0.637789914575556,-0.643866300560306,-0.645682212189167,-0.618836206634444,-0.725991380623889,-0.686684583831583,-0.599552767486306,-0.599552767486306,-0.601918552871944,-0.610093380740278,-0.7255986988425,-0.5708979748225,-0.530901585022361,-0.680291382637222,-0.586910128980833,-0.572596722878,-0.728521901498861,-0.666071315599889,-0.650105402347778,-0.694729075491667,-0.689860920113889,-0.641089005857778,-0.662325968145833,-0.754223739441667
"28","WALKING_DOWNSTAIRS",21,0.277466525522059,-0.0176664578561765,-0.10877848058848,0.645775957808824,-0.0750963071446078,0.0321851774362745,0.0822207874776961,0.00350107553584853,-0.010659072671299,-0.0276346639303578,-0.0784719736838971,0.0861212668362745,-0.100558317889216,-0.0408236141863333,-0.0533861046416422,-0.620309259553676,-0.620309259553676,-0.703461275879657,-0.693779224517157,-0.807817403137255,-0.693486097144118,-0.59377821414902,-0.707713799021814,-0.71641413145049,-0.678615118728922,-0.767351986555392,-0.752040828651961,-0.759325714811275,-0.709471420465686,-0.658664719514706,-0.679742584809363,-0.776473060171569,-0.826275026053922,-0.672323867377451,-0.565585190336299,-0.669621813176471,-0.965586634460784,-0.969330818455882,-0.953093993308823,-0.699763344205784,-0.66515912310562,-0.78182390148299,-0.79617228689951,-0.765057760637255,-0.701642028499559,-0.792483156720588,-0.815859336004902,-0.812017312181373,-0.6601960145,-0.6601960145,-0.680069218953922,-0.761303119652451,-0.82408989995098,-0.665349663426471,-0.578748586831863,-0.675588192778676,-0.709800728388235,-0.674102360655147,-0.794922813673627,-0.811026710110294,-0.771388318823529,-0.728319304730637,-0.714345739215931,-0.683725127418382,-0.793158526279412,-0.834949863259804
"29","WALKING_DOWNSTAIRS",22,0.277156731173244,-0.0157362798544615,-0.108891559940803,0.590202951371237,0.059637422,0.266233413475819,0.0771316429411706,0.0140196360738796,-0.00535471338117057,-0.0173964514566555,-0.0892861352287625,0.0875601891371237,-0.108536983918729,-0.0369228007661538,-0.0570277658573913,-0.555508409465953,-0.555508409465953,-0.649767623265886,-0.674479870696321,-0.813134479966555,-0.63565324919699,-0.554621367574582,-0.723282881277592,-0.649283145619064,-0.613419188476589,-0.765568239732441,-0.669187479525084,-0.81408546735786,-0.679035334374582,-0.61441509667592,-0.628800131547492,-0.755664344113712,-0.844035139698997,-0.591898038755853,-0.543513202065318,-0.696409302003679,-0.959890000367893,-0.958295670545485,-0.939955773782609,-0.630182598844147,-0.59971491352709,-0.783706594247492,-0.719340785619732,-0.808549367023411,-0.692821756428094,-0.732439672053512,-0.874226384113712,-0.761410622511706,-0.630466994221472,-0.630466994221472,-0.630546676298027,-0.709682201686622,-0.839890422274247,-0.57658611649398,-0.567546209132776,-0.706443300175585,-0.643720768424415,-0.612907133218033,-0.800838269899666,-0.736449902993311,-0.807400495819398,-0.726376317959866,-0.699680500173244,-0.636187050918395,-0.731033945357859,-0.847554449431438
"30","WALKING_UPSTAIRS",8,0.266674048906593,-0.0202216031321978,-0.105614723352747,0.672365454230769,-0.0550675502272528,0.0328742204443956,0.0927048369369231,-0.00137201536971429,-0.0243776605506593,0.0189575502203297,-0.100127874875824,0.0547905121285714,-0.103800903023626,-0.0418414216578022,-0.0572174004291209,-0.350982093868132,-0.350982093868132,-0.43009251566033,-0.374467449722308,-0.60984136456044,-0.493100898158791,-0.262394129472527,-0.426764775743407,-0.496470870779121,-0.405368968365934,-0.545511445001648,-0.556923952791209,-0.477139862384066,-0.398930833626374,-0.413399661273626,-0.427796629448901,-0.538348071541758,-0.639438448496154,-0.492827508658791,-0.232940759736264,-0.355279828382418,-0.943108468384615,-0.944385490274725,-0.905264808527472,-0.476492149967033,-0.369514157182418,-0.575477616297802,-0.620116117863736,-0.480245370202198,-0.376704871767033,-0.641858248288461,-0.610128463632967,-0.627616233532967,-0.467415039361538,-0.467415039361538,-0.474901933907692,-0.505532707924725,-0.656008680989011,-0.495451225035714,-0.268071852098901,-0.370711173704945,-0.50375369885989,-0.375199658110989,-0.604806207873626,-0.64209298143956,-0.488490067373626,-0.430017097315385,-0.5867768587,-0.546655472807692,-0.572007930837912,-0.704299790384615
"31","WALKING_UPSTAIRS",11,0.27658531139557,-0.0191272531933228,-0.108941761642405,0.730526184936709,0.0527387028613924,0.140209861246835,0.0830134540658228,0.0078044254343038,-0.00657424975259494,-0.0547328440272468,-0.0582275770813291,0.087284109682356,-0.0805473309873418,-0.0493914065474684,-0.0480140167267405,-0.542825032813608,-0.542825032813608,-0.679819504547468,-0.628367851066456,-0.826829028481013,-0.619524028324684,-0.531455265662532,-0.750026145791139,-0.676672987166456,-0.632374688606013,-0.825559590221519,-0.709949332117089,-0.776852868955696,-0.708842979272152,-0.611528074359177,-0.656133473274684,-0.757585939588608,-0.864827011392405,-0.58947649779557,-0.490379346996835,-0.665324314227848,-0.975394457689873,-0.957138770727848,-0.956812000411392,-0.659323083055063,-0.608784226719937,-0.842511816044304,-0.739922126628797,-0.703501766487342,-0.725016008797468,-0.781738140601266,-0.868377254082279,-0.795490882468354,-0.612882270912658,-0.612882270912658,-0.664241760370253,-0.696771378957911,-0.866905012626582,-0.579491754749367,-0.502570240243354,-0.652095671108544,-0.672195644346519,-0.609444998247785,-0.858259630601266,-0.751758277167721,-0.670892713066772,-0.75596062835443,-0.674470159009494,-0.676925075857595,-0.711267219682278,-0.879254016740506
"32","WALKING_UPSTAIRS",14,0.270184596009288,-0.0162548178510526,-0.100985935692074,0.672081224882353,-0.111701388781115,-0.161179728291022,0.0741757467665015,0.00443682723817957,-0.00253044692473994,0.000253671358297214,-0.0954921154823529,0.0606712446996904,-0.107556127062003,-0.0433200489340217,-0.0450693836894427,-0.453262620331889,-0.453262620331889,-0.608973420309907,-0.416459776709257,-0.700520939854799,-0.619513271851703,-0.455237617000929,-0.440650672343653,-0.654385009392879,-0.598699531399381,-0.618712162187307,-0.699166400749226,-0.50463317018839,-0.42391821438452,-0.490874179820433,-0.596896308848452,-0.543030528985449,-0.717590101802972,-0.611671118216099,-0.374730765205077,-0.29354271467452,-0.941245714736842,-0.942377305312693,-0.915927846160991,-0.641964198633003,-0.586459622773684,-0.656855586102105,-0.728661379340557,-0.398959362766099,-0.364478192502167,-0.7862917325387,-0.6979155314613,-0.638299064788854,-0.474058613408978,-0.474058613408978,-0.605144269857245,-0.471486714606811,-0.727023009383901,-0.609406374110062,-0.376829989404644,-0.275013722171486,-0.661460356953251,-0.60215894382322,-0.694424996467802,-0.740052209854489,-0.348864187370186,-0.407672097170898,-0.548269930770588,-0.619215144539319,-0.516930495917399,-0.760560087962848
"33","WALKING_UPSTAIRS",15,0.27821340725,-0.016464484771311,-0.112563587594512,0.688872511512195,0.102660491875,0.0372897701757012,0.0776897411304878,0.00489392052706402,-0.00440993190077744,-0.0281278780610671,-0.075878845519878,0.0906658516,-0.0960910108539634,-0.0441270690182012,-0.0555645456881098,-0.527285352000488,-0.527285352000488,-0.654799694757531,-0.617721779796037,-0.805282669512195,-0.583772317445122,-0.507735205778384,-0.741745724698171,-0.643469519361585,-0.609408057377744,-0.805543465588415,-0.664354428856402,-0.760711411006098,-0.711194539920732,-0.562948391223628,-0.614817605125915,-0.732394493841463,-0.83680189402439,-0.556541173089329,-0.481679537956006,-0.705706623868902,-0.968733398628049,-0.956369493993902,-0.947240058048781,-0.624055782158537,-0.594312678045091,-0.825820881576219,-0.696859473045732,-0.708779069191463,-0.721826987530488,-0.731382711036585,-0.853956592073171,-0.795626198384146,-0.557147874176037,-0.557147874176037,-0.625660376546646,-0.675336960047866,-0.837120078079268,-0.547150855443902,-0.501568435233384,-0.711431340356707,-0.637655155092835,-0.605854882622652,-0.845111060762195,-0.709336168176829,-0.684504735744512,-0.751696527195122,-0.623655618198171,-0.643101167069512,-0.695346839682927,-0.849634463841463
"34","WALKING_UPSTAIRS",16,0.277887440374317,-0.0158567888309016,-0.107263924445355,0.700906130308743,-0.0605235993797814,0.0402075536234973,0.0775488885374317,0.00884018328270219,-0.00143730005564208,-0.0122341446725137,-0.0724444803980874,0.0730144651530055,-0.107361614801257,-0.0416615668939617,-0.0539470410873497,-0.616131116889044,-0.616131116889044,-0.725246870486339,-0.718168775628415,-0.860446372459016,-0.700885147341803,-0.671572147098798,-0.660989948160437,-0.744662041612022,-0.748627001551913,-0.752302172079235,-0.789780147036612,-0.815962130027322,-0.756286641721311,-0.666962508246721,-0.713167613706148,-0.81712881920765,-0.87277228273224,-0.668161498298634,-0.649947067892896,-0.603819902386066,-0.971156432131148,-0.964727519945355,-0.945294028639344,-0.72786174352459,-0.735080198043716,-0.767873049380055,-0.799534450491803,-0.810124133715847,-0.737629967961749,-0.858298719153005,-0.86957312057377,-0.837039926065574,-0.661719690491803,-0.661719690491803,-0.719647028238525,-0.78482286579235,-0.87480016568306,-0.656969045058415,-0.661844530506831,-0.605646725307104,-0.73477673661306,-0.738434398105465,-0.782089515344262,-0.804991831502732,-0.809421448142077,-0.756993640724044,-0.712680990765301,-0.729869398769672,-0.802078223409836,-0.886533212213115
"35","WALKING_UPSTAIRS",17,0.276134936206897,-0.0178192998868966,-0.112173902413793,0.908399606896552,-0.198659870344828,-0.278195591724138,0.0758626965517241,0.0100040808789655,-0.00236484369931035,-0.0257577297931034,-0.0661512840241379,0.087130975137931,-0.100183297172414,-0.0417622900689655,-0.0547796899655172,-0.985418968275862,-0.985418968275862,-0.993245806206897,-0.983299607586207,-0.994309820689655,-0.994496322758621,-0.982367664137931,-0.986495766206897,-0.994117062068966,-0.988820999655172,-0.990597965172414,-0.985993540344828,-0.987392253103448,-0.988668107931034,-0.990007266206896,-0.993005947241379,-0.986607555172414,-0.99327833,-0.99504124,-0.979413535862069,-0.980976484137931,-0.993349445862069,-0.984760977241379,-0.98129168137931,-0.994019934482759,-0.989158120689655,-0.992004427241379,-0.986979955517241,-0.985073170689655,-0.987937566551724,-0.991854138275862,-0.993318104482759,-0.993400307586207,-0.986826527241379,-0.986826527241379,-0.993375015172414,-0.981656969655172,-0.993276945862069,-0.995250992758621,-0.97835155862069,-0.978759603793103,-0.994459398275862,-0.990414811034483,-0.991935782413793,-0.987354722068966,-0.98380969137931,-0.988732922758621,-0.98628791137931,-0.992630932068965,-0.981446073103448,-0.993482856896552
